{"cameraMode":{"drawMode":0,"name":"Shaded","section":"Shading Mode"},"sceneLighting":true,"audioPlay":false,"sceneViewState":{"showFog":true,"showMaterialUpdate":false,"showSkybox":true,"showFlares":true,"showImageEffects":true,"showParticleSystems":true},"in2DMode":false,"pivot":{"x":11.565059661865235,"y":8.807300567626954,"z":25.293785095214845},"rotation":{"x":-0.1093626469373703,"y":0.12673614919185639,"z":0.01591235026717186,"w":0.9860793352127075},"size":23.34589195251465,"orthographic":false}