{"cameraMode":{"drawMode":0,"name":"Shaded","section":"Shading Mode"},"sceneLighting":true,"audioPlay":false,"sceneViewState":{"showFog":true,"showMaterialUpdate":false,"showSkybox":true,"showFlares":true,"showImageEffects":true,"showParticleSystems":true},"in2DMode":false,"pivot":{"x":23.216899871826173,"y":5.021550178527832,"z":-5.224891662597656},"rotation":{"x":0.20989112555980683,"y":0.02023281529545784,"z":-0.004344363696873188,"w":0.9775084853172302},"size":5.707395553588867,"orthographic":false}