{"cameraMode":{"drawMode":0,"name":"Shaded","section":"Shading Mode"},"sceneLighting":false,"audioPlay":false,"sceneViewState":{"showFog":true,"showMaterialUpdate":false,"showSkybox":true,"showFlares":true,"showImageEffects":true,"showParticleSystems":true},"in2DMode":false,"pivot":{"x":30.510278701782228,"y":-6.910752296447754,"z":13.955754280090332},"rotation":{"x":-0.08081874251365662,"y":-0.5234994292259216,"z":0.0527975969016552,"w":-0.8471566438674927},"size":25.901756286621095,"orthographic":false}