{"cameraMode":{"drawMode":0,"name":"Shaded","section":"Shading Mode"},"sceneLighting":false,"audioPlay":false,"sceneViewState":{"showFog":true,"showMaterialUpdate":false,"showSkybox":true,"showFlares":true,"showImageEffects":true,"showParticleSystems":true},"in2DMode":false,"pivot":{"x":-37.99242401123047,"y":55.03482437133789,"z":52.113582611083987},"rotation":{"x":0.06440883129835129,"y":-0.9274711608886719,"z":0.1807011514902115,"w":0.3228851556777954},"size":2.901029586791992,"orthographic":false}