{"cameraMode":{"drawMode":0,"name":"Shaded","section":"Shading Mode"},"sceneLighting":false,"audioPlay":false,"sceneViewState":{"showFog":true,"showMaterialUpdate":false,"showSkybox":true,"showFlares":true,"showImageEffects":true,"showParticleSystems":true},"in2DMode":false,"pivot":{"x":258.4153747558594,"y":153.01927185058595,"z":-208.77955627441407},"rotation":{"x":-0.11695678532123566,"y":0.12976638972759248,"z":-0.01344965398311615,"w":-0.9852200150489807},"size":24.02454948425293,"orthographic":false}