{"cameraMode":{"drawMode":0,"name":"Shaded","section":"Shading Mode"},"sceneLighting":false,"audioPlay":false,"sceneViewState":{"showFog":true,"showMaterialUpdate":false,"showSkybox":true,"showFlares":true,"showImageEffects":true,"showParticleSystems":true},"in2DMode":false,"pivot":{"x":170.18870544433595,"y":30.29889488220215,"z":-127.32228088378906},"rotation":{"x":-0.10913293063640595,"y":-0.873526394367218,"z":-0.23463816940784455,"w":0.41370120644569399},"size":10.258430480957032,"orthographic":false}