{"cameraMode":{"drawMode":0,"name":"Shaded","section":"Shading Mode"},"sceneLighting":true,"audioPlay":false,"sceneViewState":{"showFog":true,"showMaterialUpdate":false,"showSkybox":true,"showFlares":true,"showImageEffects":true,"showParticleSystems":true},"in2DMode":false,"pivot":{"x":12.104484558105469,"y":17.498308181762697,"z":-7.3848772048950199},"rotation":{"x":0.44244512915611269,"y":-0.14996950328350068,"z":0.0771370530128479,"w":0.8811780214309692},"size":33.73082733154297,"orthographic":false}