{"cameraMode":{"drawMode":0,"name":"Shaded","section":"Shading Mode"},"sceneLighting":false,"audioPlay":false,"sceneViewState":{"showFog":true,"showMaterialUpdate":false,"showSkybox":false,"showFlares":true,"showImageEffects":true,"showParticleSystems":true},"in2DMode":false,"pivot":{"x":17.871347427368165,"y":22.518753051757814,"z":6.764414310455322},"rotation":{"x":0.3149927258491516,"y":-0.07373914122581482,"z":-0.024409323930740358,"w":-0.9463856220245361},"size":5.7157673835754398,"orthographic":false}